,student_id,V1,A1,R1,K1,V2,A2,R2,K2
count,396.0,396.0,396.0,396.0,396.0,396.0,396.0,396.0,396.0
mean,198.5,3.1809764309764277,3.3097643097643075,3.264309764309763,3.281986531986528,3.9061447811447843,3.729377104377106,3.601010101010101,3.8480639730639763
std,114.45959985951374,0.9541190887141514,0.9115635015981648,0.9276227047807816,0.913348968937208,0.6146032142058943,0.6483201743204224,0.705341557471687,0.6718106694924704
min,1.0,1.0,1.0,1.0,1.0,1.8333333333333333,1.6666666666666667,1.1666666666666667,1.3333333333333333
25%,99.75,2.583333333333333,2.6666666666666665,2.6666666666666665,2.6666666666666665,3.6666666666666665,3.333333333333333,3.0,3.458333333333333
50%,198.5,3.333333333333333,3.333333333333333,3.333333333333333,3.333333333333333,4.0,3.8333333333333335,3.6666666666666665,4.0
75%,297.25,4.0,4.0,4.0,4.0,4.333333333333333,4.166666666666667,4.166666666666667,4.333333333333333
max,396.0,5.0,5.0,5.0,5.0,5.0,5.0,5.0,5.0
